Index,current_time_t,Actual_V,Predicted_V
159,0.01813826,930,1400.9429509733454
160,0.01825234,1450,947.4414596204915
161,0.01836642,1450,1421.7638429811086
162,0.01848049,1210,1415.4334737312493
163,0.01859457,1090,1230.5365414286389
164,0.01870865,1070,1076.2854823000125
165,0.01882272,1070,964.2608366463646
166,0.0189368,760,1048.1612276857122
167,0.01905088,760,734.7083188912875
168,0.01916496,760,794.5418567257875
